PRAGMA foreign_keys=OFF;
BEGIN TRANSACTION;
CREATE TABLE IF NOT EXISTS "django_migrations" ("id" integer NOT NULL PRIMARY KEY AUTOINCREMENT, "app" varchar(255) NOT NULL, "name" varchar(255) NOT NULL, "applied" datetime NOT NULL);
INSERT INTO django_migrations VALUES(1,'contenttypes','0001_initial','2024-08-27 03:46:54.900693');
INSERT INTO django_migrations VALUES(2,'auth','0001_initial','2024-08-27 03:46:54.996239');
INSERT INTO django_migrations VALUES(3,'admin','0001_initial','2024-08-27 03:46:55.089255');
INSERT INTO django_migrations VALUES(4,'admin','0002_logentry_remove_auto_add','2024-08-27 03:46:55.133829');
INSERT INTO django_migrations VALUES(5,'admin','0003_logentry_add_action_flag_choices','2024-08-27 03:46:55.177860');
INSERT INTO django_migrations VALUES(6,'contenttypes','0002_remove_content_type_name','2024-08-27 03:46:55.230415');
INSERT INTO django_migrations VALUES(7,'auth','0002_alter_permission_name_max_length','2024-08-27 03:46:55.281429');
INSERT INTO django_migrations VALUES(8,'auth','0003_alter_user_email_max_length','2024-08-27 03:46:55.344953');
INSERT INTO django_migrations VALUES(9,'auth','0004_alter_user_username_opts','2024-08-27 03:46:55.386978');
INSERT INTO django_migrations VALUES(10,'auth','0005_alter_user_last_login_null','2024-08-27 03:46:55.462558');
INSERT INTO django_migrations VALUES(11,'auth','0006_require_contenttypes_0002','2024-08-27 03:46:55.517091');
INSERT INTO django_migrations VALUES(12,'auth','0007_alter_validators_add_error_messages','2024-08-27 03:46:55.558080');
INSERT INTO django_migrations VALUES(13,'auth','0008_alter_user_username_max_length','2024-08-27 03:46:55.608230');
INSERT INTO django_migrations VALUES(14,'auth','0009_alter_user_last_name_max_length','2024-08-27 03:46:55.654220');
INSERT INTO django_migrations VALUES(15,'auth','0010_alter_group_name_max_length','2024-08-27 03:46:55.699667');
INSERT INTO django_migrations VALUES(16,'auth','0011_update_proxy_permissions','2024-08-27 03:46:55.743671');
INSERT INTO django_migrations VALUES(17,'auth','0012_alter_user_first_name_max_length','2024-08-27 03:46:55.792695');
INSERT INTO django_migrations VALUES(18,'library','0001_initial','2024-08-27 03:46:55.878219');
INSERT INTO django_migrations VALUES(19,'sessions','0001_initial','2024-08-27 03:46:55.953416');
INSERT INTO django_migrations VALUES(20,'library','0002_alter_author_write_date','2024-08-27 03:51:01.250400');
INSERT INTO django_migrations VALUES(21,'library','0003_author_death_date_author_is_alive','2024-08-27 03:55:53.115368');
INSERT INTO django_migrations VALUES(22,'library','0004_remove_author_death_date','2024-08-27 04:01:57.921820');
INSERT INTO django_migrations VALUES(23,'library','0005_remove_book_date_joined_book_date_print','2024-08-27 04:12:31.892312');
INSERT INTO django_migrations VALUES(24,'library','0006_book_categories','2024-08-27 04:20:07.526882');
CREATE TABLE IF NOT EXISTS "auth_group_permissions" ("id" integer NOT NULL PRIMARY KEY AUTOINCREMENT, "group_id" integer NOT NULL REFERENCES "auth_group" ("id") DEFERRABLE INITIALLY DEFERRED, "permission_id" integer NOT NULL REFERENCES "auth_permission" ("id") DEFERRABLE INITIALLY DEFERRED);
CREATE TABLE IF NOT EXISTS "auth_user_groups" ("id" integer NOT NULL PRIMARY KEY AUTOINCREMENT, "user_id" integer NOT NULL REFERENCES "auth_user" ("id") DEFERRABLE INITIALLY DEFERRED, "group_id" integer NOT NULL REFERENCES "auth_group" ("id") DEFERRABLE INITIALLY DEFERRED);
CREATE TABLE IF NOT EXISTS "auth_user_user_permissions" ("id" integer NOT NULL PRIMARY KEY AUTOINCREMENT, "user_id" integer NOT NULL REFERENCES "auth_user" ("id") DEFERRABLE INITIALLY DEFERRED, "permission_id" integer NOT NULL REFERENCES "auth_permission" ("id") DEFERRABLE INITIALLY DEFERRED);
CREATE TABLE IF NOT EXISTS "django_admin_log" ("id" integer NOT NULL PRIMARY KEY AUTOINCREMENT, "object_id" text NULL, "object_repr" varchar(200) NOT NULL, "action_flag" smallint unsigned NOT NULL CHECK ("action_flag" >= 0), "change_message" text NOT NULL, "content_type_id" integer NULL REFERENCES "django_content_type" ("id") DEFERRABLE INITIALLY DEFERRED, "user_id" integer NOT NULL REFERENCES "auth_user" ("id") DEFERRABLE INITIALLY DEFERRED, "action_time" datetime NOT NULL);
INSERT INTO django_admin_log VALUES(1,'1','اریک فروم',1,'[{"added": {}}]',7,1,'2024-08-27 04:04:58.683752');
INSERT INTO django_admin_log VALUES(2,'1','Book object (1)',1,'[{"added": {}}]',9,1,'2024-08-27 04:15:01.081409');
INSERT INTO django_admin_log VALUES(3,'1','روانشناسی',1,'[{"added": {}}]',8,1,'2024-08-27 04:20:41.139995');
INSERT INTO django_admin_log VALUES(4,'2','علمی',1,'[{"added": {}}]',8,1,'2024-08-27 04:21:02.438992');
INSERT INTO django_admin_log VALUES(5,'3','فنی',1,'[{"added": {}}]',8,1,'2024-08-27 04:21:06.184034');
INSERT INTO django_admin_log VALUES(6,'4','پزشکی',1,'[{"added": {}}]',8,1,'2024-08-27 04:21:11.015827');
INSERT INTO django_admin_log VALUES(7,'5','رمان',1,'[{"added": {}}]',8,1,'2024-08-27 04:21:16.756535');
INSERT INTO django_admin_log VALUES(8,'6','هنری',1,'[{"added": {}}]',8,1,'2024-08-27 04:21:25.979703');
INSERT INTO django_admin_log VALUES(9,'6','هنر',2,'[{"changed": {"fields": ["\u0646\u0627\u0645 \u062f\u0633\u062a\u0647"]}}]',8,1,'2024-08-27 04:21:33.568168');
INSERT INTO django_admin_log VALUES(10,'7','ورزش',1,'[{"added": {}}]',8,1,'2024-08-27 04:21:41.587751');
INSERT INTO django_admin_log VALUES(11,'8','انگیزشی',1,'[{"added": {}}]',8,1,'2024-08-27 04:21:52.642867');
INSERT INTO django_admin_log VALUES(12,'1','هنر عشق ورزیدن',2,'[{"changed": {"fields": ["\u062f\u0633\u062a\u0647 \u0628\u0646\u062f\u06cc"]}}]',9,1,'2024-08-27 04:22:09.964738');
INSERT INTO django_admin_log VALUES(13,'2','مل رابینز',1,'[{"added": {}}]',7,1,'2024-08-27 04:27:49.887451');
INSERT INTO django_admin_log VALUES(14,'2','قانون 5 ثانیه',1,'[{"added": {}}]',9,1,'2024-08-27 04:30:38.111865');
INSERT INTO django_admin_log VALUES(15,'3','مسعود نیکوکار',1,'[{"added": {}}]',7,1,'2024-08-27 04:33:33.569790');
INSERT INTO django_admin_log VALUES(16,'9','ریاضیات',1,'[{"added": {}}]',8,1,'2024-08-27 04:33:45.178364');
INSERT INTO django_admin_log VALUES(17,'10','شبکه',1,'[{"added": {}}]',8,1,'2024-08-27 04:33:54.971150');
INSERT INTO django_admin_log VALUES(18,'11','علم رایانه',1,'[{"added": {}}]',8,1,'2024-08-27 04:34:09.186061');
INSERT INTO django_admin_log VALUES(19,'3','معادلات دیفرانسیل',1,'[{"added": {}}]',9,1,'2024-08-27 04:36:34.586097');
INSERT INTO django_admin_log VALUES(20,'3','مسعود نیکوکار',2,'[]',7,1,'2024-08-27 10:02:02.316693');
CREATE TABLE IF NOT EXISTS "django_content_type" ("id" integer NOT NULL PRIMARY KEY AUTOINCREMENT, "app_label" varchar(100) NOT NULL, "model" varchar(100) NOT NULL);
INSERT INTO django_content_type VALUES(1,'admin','logentry');
INSERT INTO django_content_type VALUES(2,'auth','permission');
INSERT INTO django_content_type VALUES(3,'auth','group');
INSERT INTO django_content_type VALUES(4,'auth','user');
INSERT INTO django_content_type VALUES(5,'contenttypes','contenttype');
INSERT INTO django_content_type VALUES(6,'sessions','session');
INSERT INTO django_content_type VALUES(7,'library','author');
INSERT INTO django_content_type VALUES(8,'library','category');
INSERT INTO django_content_type VALUES(9,'library','book');
CREATE TABLE IF NOT EXISTS "auth_permission" ("id" integer NOT NULL PRIMARY KEY AUTOINCREMENT, "content_type_id" integer NOT NULL REFERENCES "django_content_type" ("id") DEFERRABLE INITIALLY DEFERRED, "codename" varchar(100) NOT NULL, "name" varchar(255) NOT NULL);
INSERT INTO auth_permission VALUES(1,1,'add_logentry','Can add log entry');
INSERT INTO auth_permission VALUES(2,1,'change_logentry','Can change log entry');
INSERT INTO auth_permission VALUES(3,1,'delete_logentry','Can delete log entry');
INSERT INTO auth_permission VALUES(4,1,'view_logentry','Can view log entry');
INSERT INTO auth_permission VALUES(5,2,'add_permission','Can add permission');
INSERT INTO auth_permission VALUES(6,2,'change_permission','Can change permission');
INSERT INTO auth_permission VALUES(7,2,'delete_permission','Can delete permission');
INSERT INTO auth_permission VALUES(8,2,'view_permission','Can view permission');
INSERT INTO auth_permission VALUES(9,3,'add_group','Can add group');
INSERT INTO auth_permission VALUES(10,3,'change_group','Can change group');
INSERT INTO auth_permission VALUES(11,3,'delete_group','Can delete group');
INSERT INTO auth_permission VALUES(12,3,'view_group','Can view group');
INSERT INTO auth_permission VALUES(13,4,'add_user','Can add user');
INSERT INTO auth_permission VALUES(14,4,'change_user','Can change user');
INSERT INTO auth_permission VALUES(15,4,'delete_user','Can delete user');
INSERT INTO auth_permission VALUES(16,4,'view_user','Can view user');
INSERT INTO auth_permission VALUES(17,5,'add_contenttype','Can add content type');
INSERT INTO auth_permission VALUES(18,5,'change_contenttype','Can change content type');
INSERT INTO auth_permission VALUES(19,5,'delete_contenttype','Can delete content type');
INSERT INTO auth_permission VALUES(20,5,'view_contenttype','Can view content type');
INSERT INTO auth_permission VALUES(21,6,'add_session','Can add session');
INSERT INTO auth_permission VALUES(22,6,'change_session','Can change session');
INSERT INTO auth_permission VALUES(23,6,'delete_session','Can delete session');
INSERT INTO auth_permission VALUES(24,6,'view_session','Can view session');
INSERT INTO auth_permission VALUES(25,7,'add_author','Can add author');
INSERT INTO auth_permission VALUES(26,7,'change_author','Can change author');
INSERT INTO auth_permission VALUES(27,7,'delete_author','Can delete author');
INSERT INTO auth_permission VALUES(28,7,'view_author','Can view author');
INSERT INTO auth_permission VALUES(29,8,'add_category','Can add category');
INSERT INTO auth_permission VALUES(30,8,'change_category','Can change category');
INSERT INTO auth_permission VALUES(31,8,'delete_category','Can delete category');
INSERT INTO auth_permission VALUES(32,8,'view_category','Can view category');
INSERT INTO auth_permission VALUES(33,9,'add_book','Can add book');
INSERT INTO auth_permission VALUES(34,9,'change_book','Can change book');
INSERT INTO auth_permission VALUES(35,9,'delete_book','Can delete book');
INSERT INTO auth_permission VALUES(36,9,'view_book','Can view book');
CREATE TABLE IF NOT EXISTS "auth_group" ("id" integer NOT NULL PRIMARY KEY AUTOINCREMENT, "name" varchar(150) NOT NULL UNIQUE);
CREATE TABLE IF NOT EXISTS "auth_user" ("id" integer NOT NULL PRIMARY KEY AUTOINCREMENT, "password" varchar(128) NOT NULL, "last_login" datetime NULL, "is_superuser" bool NOT NULL, "username" varchar(150) NOT NULL UNIQUE, "last_name" varchar(150) NOT NULL, "email" varchar(254) NOT NULL, "is_staff" bool NOT NULL, "is_active" bool NOT NULL, "date_joined" datetime NOT NULL, "first_name" varchar(150) NOT NULL);
INSERT INTO auth_user VALUES(1,'pbkdf2_sha256$600000$2d0CgTrx5n6SQSXTn6CnnT$oewmFS2P8i8xP6qkF/DblOBJnLl3fJc707tpjaKYzr0=','2024-08-27 03:49:45.983212',1,'ali.khodakhah','','ali.khodakhah71@gmail.com',1,1,'2024-08-27 03:47:37.080763','');
CREATE TABLE IF NOT EXISTS "library_author" ("id" integer NOT NULL PRIMARY KEY AUTOINCREMENT, "first_name" varchar(50) NOT NULL, "last_name" varchar(80) NOT NULL, "write_date" date NULL, "description" text NOT NULL, "is_alive" bool NULL);
INSERT INTO library_author VALUES(1,'اریک','فروم','1900-03-23','اریش فروم در فرانکفورت آم ماین آلمان به دنیا آمد. تحصیلات خود را در دانشگاه‌های هیدلبرگ و مونیخ و انستیتو روانکاوی برلین ادامه داد. بعد از ظهور نازیسم در آلمان به ژنو رفت و سرانجام در سال ۱۹۳۴ به آمریکا مهاجرت کرد و تابعیت این کشور را پذیرفت و در دانشگاه کلمبیای نیویورک مشغول به فعالیت شد، سپس به مکزیک رفت و در دانشگاه مستقل ملی مکزیک کرسی روانکاوی را تأسیس کرد. وی در انتهای عمر خویش به سوئیس بازگشت و در ۱۹۸۰ درگذشت.',0);
INSERT INTO library_author VALUES(2,'مل','رابینز','1968-10-06',replace(replace('مل رابینز (Mel Robbins) در کانزاس سیتی آمریکا چشم به جهان گشود. او دوران کودکی سخت و پرتنشی را سپری کرد. وی بعد از اتمام تحصیلات مقدماتی خود، به عنوان دانشجوی حقوق وارد دانشگاه شد. رابینز پس از فارغ‌التحصیلی و کسب مدرک رسمی، در مشاغل مختلفی تجربه کسب کرد. اولین کار حرفه‌ای مل رابینز، حضور به عنوان کارشناس حقوقی در شبکه‌ی سی‌اِن‌اِن بود. وی در سال 1994، در مقام وکیل مدافع جنایی در شهر نیویورک مشغول به کار شد.\r\n\r\nمل رابینز در سال 2011، پس از سال‌ها فعالیت در مشاغلی از قبیل مجری‌گری در تلویزیون، وکالت و سخنوری، با نگارش کتاب «دیگر نگو حالت خوب است» به دنیای نویسندگی وارد شد. شش سال پس از انتشار این کتاب، یکی از محبوب‌ترین آثار مل رابینز با عنوان «قانون 5 ثانیه» به چاپ رسید. این اثر از سوی مخاطبان کتاب‌های خودسازی، با استقبال خیره‌کننده‌ای مواجه شد و شهرتی بین‌المللی برای رابینز به ارمغان آورد.\r\n\r\nمل رابینز در  28سالگی، با کارآفرینی آمریکایی به نام کریستوفر رابینز ازدواج کرد. حاصل زندگی مشترک آن‌ها سه فرزند است.','\r',char(13)),'\n',char(10)),1);
INSERT INTO library_author VALUES(3,'مسعود','نیکوکار','1953-08-27',replace(replace('دکتر مسعود نیکوکار\r\n«مسعود نیکوکار» در سال 1332 در کاشان متولد شد. وی در ابتدا پنج جلد کتاب نوشت که در انتشارات آزاده به چاپ رسیدند و پس از مشاهده استقبال بسیار خوب دانشجویان و مدرسین از این کتاب‌ها، در سال 1379، انتشارات گسترش علوم پایه را تاسیس نمود.','\r',char(13)),'\n',char(10)),1);
CREATE TABLE IF NOT EXISTS "library_category" ("id" integer NOT NULL PRIMARY KEY AUTOINCREMENT, "name" varchar(50) NOT NULL);
INSERT INTO library_category VALUES(1,'روانشناسی');
INSERT INTO library_category VALUES(2,'علمی');
INSERT INTO library_category VALUES(3,'فنی');
INSERT INTO library_category VALUES(4,'پزشکی');
INSERT INTO library_category VALUES(5,'رمان');
INSERT INTO library_category VALUES(6,'هنر');
INSERT INTO library_category VALUES(7,'ورزش');
INSERT INTO library_category VALUES(8,'انگیزشی');
INSERT INTO library_category VALUES(9,'ریاضیات');
INSERT INTO library_category VALUES(10,'شبکه');
INSERT INTO library_category VALUES(11,'علم رایانه');
CREATE TABLE IF NOT EXISTS "library_book" ("id" integer NOT NULL PRIMARY KEY AUTOINCREMENT, "name" varchar(50) NOT NULL, "price" decimal NOT NULL, "description" text NOT NULL, "author_id" bigint NOT NULL REFERENCES "library_author" ("id") DEFERRABLE INITIALLY DEFERRED, "date_print" date NULL, "categories_id" bigint NULL REFERENCES "library_category" ("id") DEFERRABLE INITIALLY DEFERRED);
INSERT INTO library_book VALUES(1,'هنر عشق ورزیدن',50000,replace(replace('درباره کتاب\r\n\r\nخلاصه کتاب هنر عشق ورزیدن از اریک فروم، عشق رو به‌عنوان نوعی هنر تعریف می‌کنه. نویسنده معتقده که برای فراگیری هنر عشق ورزیدن، مثل هر هنر دیگه‌ای باید تمرین کنیم تا به مهارت برسیم. خوندنِ این کتاب نه‌فقط برای زوج‌ها، بلکه برای آدم‌های مجرد هم که توی روابط عاشقانه نیستن، مفید واقع میشه. این کتاب رو باید هر انسانی بخونه تا مسئله‌ی وجود انسان رو درک کنه، تا عشق پدر و مادر نسبت‌به فرزند رو بفهمه و درباره‌ی عشق به معشوق و عشق به خود بینش تازه‌ای به‌دست بیاره.\r\n\r\nتوی این کتاب، نویسنده سعی می‌کنه تا ابتدا با تشریح انواع مختلف عشق، مفهوم عشق رو برای خواننده واضح‌تر کنه و بعد درباره‌ی راه‌های عشق‌ورزیدنِ صحیح صحبت کنه. علاوه‌بر این، اریک فروم معتقده که همه‌ی تلاش‌های ما برای عشق‌ورزیدن محکوم به شکست هست، مگر اینکه با جد برای تکامل همه‌جانبه‌ی شخصیت خودمون تلاش کنیم تا درنهایت به جهت‌بینی سازنده‌ای برسیم.\r\n\r\nنکته‌ی جالب درباره‌ی کتاب اینه که به عقیده‌ی نویسنده، دنیای سرمایه‌داریِ امروز، مفهوم عشق رو به قهقرا برده و از اون یه کالای مبادلاتی ساخته.\r\nجملات کتاب هنر عشق ورزیدن:\r\n\r\n    اگه کسی به ما بگه که عاشق گل هست؛ اما درعوض، اغلب اوقات یادش بره که به گل‌هاش آب بده، عشقش رو به گل‌ها باور نمی‌کنیم. عشق واقعی، رغبت جدی به زندگی و پرورش چیزی هست که عمیقا بهش مهر می‌ورزیم. زمانی که رغب جدی وجود نداشته باشه، بنابراین عشقی هم وجود نداره.\r\n\r\n    ****\r\n\r\n    مشکل اکثر مردم اینه که در وهله‌ی اول انتظار دارن که دیگران اون‌ها رو دوست داشته باشن و خودشون تلاشی نمی‌کنن تا دیگران رو دوست داشته باشن.\r\n\r\n    ****\r\n\r\n    عاشقِ کسی بودن فقط یه احساس شدید نیست، بلکه یک تصمیمه، قضاوته و قول هست. اگه عشق فقط یه احساس بود، دیگه پایداری در این قول که هم‌دیگه رو تا ابد دوست خواهیم داشت، مفهوم پیدا نمی‌کرد.\r\n\r\n    ****\r\n\r\n    عشق نابالغ اینطور هست: «من عاشقتم، چون بهت نیاز دارم.» عشق بالغ اینطور هست: «من بهت نیاز دارم، چون عاشقت هستم.»\r\n\r\n    ****\r\n\r\n    مردم فکر می‌کنن که عاشق‌شدن یه اتفاق آسون هست؛ اما پیداکردن چیزی که حقیقتا عاشقش باشیم و از جانبش عشق بگیریم، اتفاق دشواری هست.\r\n\r\n    ****\r\n\r\n    گرفتنِ عشق از دیگری، به ما قدرت میده و دادنِ عشق به دیگری به ما شجاعت رو هدیه می‌کنه.\r\n\r\nاگه دوست داری این کتاب رو بخونی، اما به‌هر‌دلیلی، فرصت کافی نداری، خبر خوب اینه که چکیدا صفر تا صد این کتاب رو برات خلاصه کرده و همین الان می‌تونی خلاصه کتاب هنر عشق ورزیدن رو ازطریق سایت یا اپلیکیشن چکیدا مطالعه کنی.\r\nدر چه صورتی از این کتاب لذت می‌بری؟\r\n- اگه تازه ازدواج کردی و می‌خوای یه زندگی عاشقانه بسازی\r\n- اگه دوست داری مفهوم عشق رو بهتر درک کنی\r\n- اگه توی زندگی مشترک به مشکل خوردی و راه ترمیم رابطه‌ت رو بلد نیستی','\r',char(13)),'\n',char(10)),1,'1967-08-27',1);
INSERT INTO library_book VALUES(2,'قانون 5 ثانیه',160000,replace(replace('ملانیا رابینز نویسنده‌ی کتاب قانون پنج ثانیه که به مل راینز نیز معروف است\r\n\r\nوی می‌گوید قانون ۵ ثانیه وقتی به دادم رسید که زندگی‌ام از هر نظر رو به نابودی بود. کتاب قانون ۵ ثانیه تنها کتاب پرفروش و پرطرفدار او نیست. اولین کتاب او «گفتن من خوبم را متوقف کن» است. وی در سال 2014 موفق شد جایزه‌ای تحت عنوان «Gracie Award» دریافت کند. این جایزه در انجمن زنان آمریکا در حوزه رسانه آماده شده است. ملانیا رابینز در مورد کتاب قانون ۵ ثانیه می‌گوید:\r\n\r\n    قانون ۵ ثانیه نابغه، رهبر، ستاره‌ی موسیقی، ورزشکار، هنرمند و خلاصه عامل تغییر درون شما را بیدار می‌کند.\r\nنگاهی کلی بر کتاب قانون ۵ ثانیه\r\n\r\nدر جای جای کتاب قانون ۵ ثانیه می‌توانید کلمه شجاعت را ببینید. نویسنده از مخاطب خودش می‌‎خواهد که برای تغییر در زندگی شجاعت به خرج بدهد. او می‌گوید:\r\n\r\n    می‌توانید شجاعت یا راحتی را انتخاب کنید، اما نمی‌توانید هر دو را داشته باشید.\r\n\r\nاگر به این جمله فکر کنید، خواهید دانست که ملانیا رابینز از مخاطب می‌خواهد که برای رسیدن به موفقیت و تحقق بخشیدن به رویاهای خودش، باید از ناحیه راحتی خارج شود و شجاعت وارد شدن به دایره ترس‌ها را داشته باشد.\r\n\r\nدنیا به کسانی پاداش می‌دهد و به کسانی کمک می‌کنند که رشد و پیشرفت کنند که این شجاعت را داشته باشند که دل را به دریا بزنند و شروع کنند و از شکست هیچ ترس و هراسی نداشته باشند. قانون پنج ثانیه یک قانون بسیار ساده و ابتدایی است که می‌گوید:\r\n\r\n    اگر یک ایده به ذهنتان خطور کرد که با آن ایده می‌توانید به اهداف و رویاهای خود برسید، تنها پنج ثانیه فرصت دارید که به صورت فیزیکی کاری برای آن ایده انجام دهید. اگر پنج ثانیه گذشت و از نظر فیزیکی کاری برای آن ایده انجام ندادید، مغزتان به صورت خودکار آن ایده را از بین خواهد برد.\r\n\r\nالبته دلیل اینکه مغز ایده‌ای که ظرف ۵ ثانیه برای آن کاری انجام ندهید را از بین می‌برد هم مشخص است. مغز برای حفاظت و نگهداری از ما کاری می‌کند که کارهای پرزحمت و پردردسر را انجام ندهیم و خودمان را به زحمت و دردسر نیندازیم. مغز از ما می‌خواهد که همیشه در همین وضعیت کنونی باقی بمانیم و رشد و پیشرفت نکنیم و خود را در وضعیت خطر قرار ندهیم. به همین خاطر است که وقتی یک ایده جدید به ذهنمان می‌رسد مغز خیلی سریع می‌گوید: اگر نتوانستی چه می‌شود؟ با ورود به این کار ممکن است آسیب ببینی! حال اگر ظرف ۵ ثانیه از نظر فیزیکی کاری برای ایده خود انجام دهیم، قدرت منفی‌گرایی مغز کمتر می‌شود.\r\n\r\nدر کتاب قانون پنج ثانیه از مخاطب خواسته می‌شود که وقتی به کاری فکر می‌کنید، ایده‌ای به ذهنتان می‌رسد و یا برای انجام یک کار اشتیاق پیدا می‌کنید، خیلی سریع قانون پنج ثانیه را به کار ببندید. به این صورت که از پنج تا یک را به صورت معکوس بشمارید و خیلی سریع برای ایده یا کار مورد علاقه خودتان کاری انجام دهید. مهم نیست که این کار کوچک یا بزرگ باشد. حتی اگر یک یادداشت یا برنامه‌ریزی ساده هم انجام دهید، یک گام مهم در جهت رسیدن به موفقیت برداشته‌اید. اگر این کار را انجام دهید مطمئن باشید که ذهنتان روی ایده‌ای که در ذهن دارید متمرکز می‌شود و از افکار منفی و ناامیدکننده دور خواهد شد.','\r',char(13)),'\n',char(10)),2,'2022-01-27',8);
INSERT INTO library_book VALUES(3,'معادلات دیفرانسیل',29000,replace(replace('فکر میکنم هیچ نیازی به توضیح نباشد هم دکتر نیکوکار و هم دانشگاه\r\nامیرکبیر درخود حرفهای بسیاری دارند.شخصا معادلات را خیلی دوست دارم\r\n\r\nجزوه معادلات دیفرانسیل دکتر نیکوکار دانشگاه امیرکبیر','\r',char(13)),'\n',char(10)),3,'2002-08-27',9);
CREATE TABLE IF NOT EXISTS "django_session" ("session_key" varchar(40) NOT NULL PRIMARY KEY, "session_data" text NOT NULL, "expire_date" datetime NOT NULL);
INSERT INTO django_session VALUES('yrljhmq1ailory6bj8zqz3uu9wjnmn16','.eJxVjMsOwiAQRf-FtSG8Cy7d-w1khgGpGkhKuzL-uzbpQrf3nHNfLMK21riNvMSZ2JlJdvrdENIjtx3QHdqt89TbuszId4UfdPBrp_y8HO7fQYVRv3VAOwWbJAn0GoXUXqkASRCUIIywVLQxQUKGRB6UNVMmlxGAXHC2FPb-ANw-OF0:1sinDG:AwHcBVYtNnKfpdr3hlD0JkOKqFEuoOjar6rO5xILuJs','2024-09-10 03:49:46.021198');
DELETE FROM sqlite_sequence;
INSERT INTO sqlite_sequence VALUES('django_migrations',24);
INSERT INTO sqlite_sequence VALUES('django_admin_log',20);
INSERT INTO sqlite_sequence VALUES('django_content_type',9);
INSERT INTO sqlite_sequence VALUES('auth_permission',36);
INSERT INTO sqlite_sequence VALUES('auth_group',0);
INSERT INTO sqlite_sequence VALUES('auth_user',1);
INSERT INTO sqlite_sequence VALUES('library_author',3);
INSERT INTO sqlite_sequence VALUES('library_book',3);
INSERT INTO sqlite_sequence VALUES('library_category',11);
CREATE UNIQUE INDEX "auth_group_permissions_group_id_permission_id_0cd325b0_uniq" ON "auth_group_permissions" ("group_id", "permission_id");
CREATE INDEX "auth_group_permissions_group_id_b120cbf9" ON "auth_group_permissions" ("group_id");
CREATE INDEX "auth_group_permissions_permission_id_84c5c92e" ON "auth_group_permissions" ("permission_id");
CREATE UNIQUE INDEX "auth_user_groups_user_id_group_id_94350c0c_uniq" ON "auth_user_groups" ("user_id", "group_id");
CREATE INDEX "auth_user_groups_user_id_6a12ed8b" ON "auth_user_groups" ("user_id");
CREATE INDEX "auth_user_groups_group_id_97559544" ON "auth_user_groups" ("group_id");
CREATE UNIQUE INDEX "auth_user_user_permissions_user_id_permission_id_14a6b632_uniq" ON "auth_user_user_permissions" ("user_id", "permission_id");
CREATE INDEX "auth_user_user_permissions_user_id_a95ead1b" ON "auth_user_user_permissions" ("user_id");
CREATE INDEX "auth_user_user_permissions_permission_id_1fbb5f2c" ON "auth_user_user_permissions" ("permission_id");
CREATE INDEX "django_admin_log_content_type_id_c4bce8eb" ON "django_admin_log" ("content_type_id");
CREATE INDEX "django_admin_log_user_id_c564eba6" ON "django_admin_log" ("user_id");
CREATE UNIQUE INDEX "django_content_type_app_label_model_76bd3d3b_uniq" ON "django_content_type" ("app_label", "model");
CREATE UNIQUE INDEX "auth_permission_content_type_id_codename_01ab375a_uniq" ON "auth_permission" ("content_type_id", "codename");
CREATE INDEX "auth_permission_content_type_id_2f476e4b" ON "auth_permission" ("content_type_id");
CREATE INDEX "library_book_author_id_d9a3b67e" ON "library_book" ("author_id");
CREATE INDEX "django_session_expire_date_a5c62663" ON "django_session" ("expire_date");
CREATE INDEX "library_book_categories_id_75391ee4" ON "library_book" ("categories_id");
COMMIT;
